{"cameraMode":{"drawMode":0,"name":"Shaded","section":"Shading Mode"},"sceneLighting":false,"audioPlay":false,"sceneViewState":{"showFog":true,"showMaterialUpdate":false,"showSkybox":false,"showFlares":true,"showImageEffects":true,"showParticleSystems":true},"in2DMode":false,"pivot":{"x":0.0,"y":0.42889684438705447,"z":-1.4901161193847657e-8},"rotation":{"x":-0.18644089996814729,"y":-0.2673673927783966,"z":0.052810728549957278,"w":-0.9439620971679688},"size":0.3202289342880249,"orthographic":false}