{"cameraMode":{"drawMode":0,"name":"Shaded","section":"Shading Mode"},"sceneLighting":false,"audioPlay":false,"sceneViewState":{"showFog":true,"showMaterialUpdate":false,"showSkybox":false,"showFlares":true,"showImageEffects":true,"showParticleSystems":true},"in2DMode":false,"pivot":{"x":1.5389461517333985,"y":0.3970761001110077,"z":-1.3652350902557374},"rotation":{"x":-0.18644089996814729,"y":-0.2673673927783966,"z":0.052810728549957278,"w":-0.9439620971679688},"size":0.4744964838027954,"orthographic":false}